,company_name,location,notice_date
0,Stroock & Stroock & Lavan LLP,New York City,11/2/2023
1,Essity Professional Hygiene Solutions LLC,Capital,11/2/2023
2,"AgeWell New York, LLC",Long Island,10/31/2023
3,MasTec Industrial,Finger Lakes,10/30/2023
4,CVS Health,New York City,10/27/2023
5,"TGH Employees LLC, d/b/a TAO Group Hospitality - LAVO Italian Restaurant and LAVO Nightclub",New York City,10/26/2023
6,"Berenberg Capital Markets, LLC",New York City,10/26/2023
7,Hilton JFK Hotel,New York City,10/26/2023
8,"TJX Companies, Inc. - Marshalls Store 1074",New York City,10/25/2023
9,"TJX Companies, Inc. d/b/a TJ Maxx Store",New York City,10/25/2023
10,Essity Professional Hygiene North America LLC,Capital,10/23/2023
11,Shop-Rite Supermarkets Inc.,Capital,10/23/2023
12,Mid-State Raceway Inc. dba Vernon Downs Casino Hotel,Mohawk Valley,10/19/2023
13,Forman Mills,New York City,10/17/2023
14,DYJ Logistics LLC d/b/a DYJ Logistics Group,New York City,10/17/2023
15,"Interstate Management Company, LLC dba Aimbridge",New York City,10/17/2023
16,"Avenues World Holdings, LLC",New York City,10/13/2023
17,"SIM Soho Manager, LLC",New York City,10/12/2023
18,"Credit Suisse Securities (USA) LLC; Credit Suisse Services (USA) LLC; Credit Suisse and Credit Suisse Asset Management, LLC",New York City,10/12/2023
19,"Caldwell Manufacturing Company North America, LLC",Finger Lakes,10/11/2023
20,"IM Soho Management, LLC d/b/a The Sixty Soho Hotel",New York City,10/6/2023
21,"ECR International, Inc.",Mohawk Valley,10/6/2023
22,"Indian Point Energy Center, Holtec Decommissioning International, LLC, Holtec Security International, LLC",Hudson Valley,10/6/2023
23,"GXO Warehouse Company, Inc.",Finger Lakes,10/4/2023
24,Universal Protection Service LLC,New York City,10/4/2023
25,Deutsch Inc.,New York City,10/3/2023
26,First Savings Bank,Long Island,10/2/2023
27,lululemon usa inc.,New York City,10/2/2023
28,"Equiniti Trust Company, LLC",New York City,9/29/2023
29,Target Corporation,New York City,9/29/2023
30,"TGH Employees LLC, d/b/a TAO Group Hospitality",New York City,9/29/2023
31,ABN AMRO USA,New York City,9/26/2023
32,"Indian Point Energy Center (IPEC) subsidiary of Holtec International; Holtec Decommissioning International, LLC",Hudson Valley,9/26/2023
33,WestRock,Long Island,9/20/2023
34,Weill Cornell Medical College d/b/a Weill Cornell Medicine,New York City,"
9/14/2023
"
35,Divvy Homes Inc.,New York City,9/14/2023
36,The King's College,New York City,9/13/2023
37,"Genesis Global Trading, Inc.",New York City,9/8/2023
38,"Pathway Vet Alliance, LLC dba Thrive Pet Healthcare/Veterinary Specialty and Emergency Services",Finger Lakes,8/25/2023
39,Management & Training Corporation (MTC) - New York Job Corps Center Wrap Around Services,New York City,8/25/2023
40,"Centerra Group, LLC with USMS 2nd Circuit Courts",Multiple,8/23/2023
41,Yellow Corporation dba YRC Inc; HRNY Logistics; Holland; New Penn; Reddaway,Multiple,8/23/2023
42,Savarino Companies LLC,Western,8/22/2023
43,CVS Health,New York City,8/18/2023
44,"Indian Point Energy Center (IPEC) subsidiary of Holtec International; Holtec Decommissioning International, LLC",Hudson Valley,8/18/2023
45,Republic Steel,Western,8/16/2023
46,Charter Communications LLC,Central,8/15/2023
47,"Fallon Health Weinberg, Inc.",Western,8/15/2023
48,"PBS West, LLC",Finger Lakes,8/14/2023
49,29th Street NY Food and Beverage Operating Company LLC,New York City,8/11/2023
50,"Alteryx, Inc.",New York City,8/10/2023
51,Amyris Inc.,New York City,8/7/2023
52,"SDH Education West, LLC",Capital,8/4/2023
53,"Poppin, Inc.",New York City,8/4/2023
54,Gamma North Corporation,Western,8/2/2023
55,Hilton JFK Hotel,New York City,7/31/2023
56,Brookfield BHS Advisors,New York City,7/28/2023
57,St. Joseph's Health at Home,Central,7/28/2023
58,SterRX LLC,North Country,7/27/2023
59,Life Storage d/b/a Extra Space Storage Inc.,Western,7/25/2023
60,Metal Sales Company,New York City,7/20/2023
61,Essity Professional Hygiene North America LLC,Capital,7/20/2023
62,The King's College,New York City,7/18/2023
63,Alliance University,New York City,7/17/2023
64,"Peloton Interactive, Inc.",New York City,7/14/2023
65,"Enzo Clinical Labs, Inc.",Long Island,7/14/2023
66,"PVH Corp., Calvin Klein, Inc., PVH Retail Stores, LLC, PVH Wholesale Corp., and PVH Wholesale New Jersey, Inc.",New York City,7/13/2023
67,Cayuga Home for Children d/b/a Cayuga Centers,New York City,7/12/2023
68,"Enzo Clinical Labs, Inc.",Long Island,7/12/2023
69,The Buffalo News,Western,7/10/2023
70,Ball Corporation Beverage Packaging d/b/a Ball Metal Beverage Container Operations,Hudson Valley,7/6/2023
71,"Sumitovant Biopharma, Inc.",New York City,7/3/2023
72,The New Jewish Home,New York City,7/3/2023
73,"Indian Point Energy Center (IPEC) subsidiary of Holtec International; Holtec Decommissioning International, LLC",Hudson Valley,6/30/2023
74,David's Bridal LLC,New York City,6/29/2023
75,The New LIFE School,New York City,6/27/2023
76,Gannett (Rochester Democrat & Chronicle),Finger Lakes,6/27/2023
77,Sweetworks Confections LLC,Western ,6/26/2023
78,"Boxed, LLC",New York City,6/22/2023
79,Forman Mills,New York City,6/22/2023
80,Worldwide Protective Products dba Protective Industrial Products,Western,6/22/2023
81,McKesson Medical-Surgical Inc.,Finger Lakes,6/21/2023
82,"SDH Education West, LLC",Hudson Valley,6/20/2023
83,"Bitwise Industries, Inc.",Hudson Valley / Western,6/16/2023
84,Life Storage d/b/a Extra Space Storage Inc.,Western,6/13/2023
85,Los Angeles Times Communications LLC,New York City,6/12/2023
86,"Flatiron Health, Inc.",New York City,6/12/2023
87,"Compass Group USA, Inc. d/b/a Chartwells at Manhattanville College",Hudson Valley,6/12/2023
88,NADAP NYS Inc. - Project ACE Program,New York City,6/9/2023
89,Blue School,New York City,6/7/2023
90,"Ryder Integrated Logistics, Inc.",Southern Tier,6/7/2023
91,HITPS LLC d/b/a Haven Technologies,New York City,6/1/2023
92,"Indian Point Energy Center (IPEC) subsidiary of Holtec International; Holtec Decommissioning International, LLC",Hudson Valley,6/1/2023
93,Trel Restaurant Inc. d/b/a Rosie O'Grady's,New York City,5/31/2023
94,"Fedcap, Inc. - Rikers Island at Rikers Island",New York City,5/31/2023
95,"Meta Platforms, Inc. (formerly Facebook, Inc.)",New York City,5/30/2023
96,Morgan Stanley,New York City,5/30/2023
97,Ball Corporation Beverage Packaging d/b/a Ball Metal Beverage Container Operations,Mid-Hudson,5/25/2023
98,"Teacher Synergy, LLC",New York City,5/25/2023
99,"Enzo Clinical Labs, Inc.",Long Island,5/24/2023
100,Gannett (Rochester Democrat & Chronicle),Finger Lakes,5/24/2023
101,"BDC Restaurants, LLC d/b/a McDonald's",New York City,5/19/2023
102,McConner Street Holding LLC d/b/a McDonald's,New York City,5/19/2023
103,"Greenwich Foods, LLC d/b/a McDonald’s",New York City,5/19/2023
104,"ABM Industries, Inc.",Finger Lakes,5/19/2023
105,"MicDavis, LLC d/b/a McDonald's",New York City,5/19/2023
106,"Jain Irrigation, INC",North Country,5/19/2023
107,"Times Square Foods, LLC d/b/a McDonald's Restaurant",New York City,5/18/2023
108,"Home Clean Home, HCH Management",New York City,5/18/2023
109,"Athenex, Inc. d/b/a Athenex Pharma Solutions, LLC, Athenex Pharmaceutical Division, LLC,
			Athenex R&D LLC",Western,5/16/2023
110,"Mid-State Raceway, Inc. d/b/a Vernon Downs Casino & Hotel",Mohawk Valley,5/11/2023
111,"BuzzFeed Media Enterprises, Inc.",New York City,5/9/2023
112,Bon Appetit – at Hamilton College,Mohawk Valley,5/8/2023
113,Sodexo – Le Moyne College,Central,5/8/2023
114,Fischbach USA Inc.,Capital,5/4/2023
115,Cazenovia College,Mohawk Valley,5/4/2023
116,Medaille University,Finger Lakes / Western,5/3/2023
117,N-Quad Logistics LLC,New York City,5/2/2023
118,"Henegan Construction Co., Inc.",New York City,4/28/2023
119,"Alteryx, Inc.",New York City,4/28/2023
120,Lev Inc.,New York City,4/28/2023
121,GOGO Magnolia Venture LLC,Long Island,4/28/2023
122,Voyant Beauty LLC,Central,4/27/2023
123,Bed Bath and Beyond,New York City,4/26/2023
124,"Enzo Clinical Labs, Inc.",Long Island,4/24/2023
125,"Meta Platforms, Inc. (formerly Facebook, Inc.)",New York City,4/24/2023
126,"Sumitovant Biopharma, Inc.",New York City,4/21/2023
127,"Indian Point Energy Center (IPEC) subsidiary of Holtec International; Holtec Decommissioning International, LLC",Mid-Hudson,4/20/2023
128,"David’s Bridal, LLC",Multiple,4/19/2023
129,Distinctive Maintenance Co Inc.,New York City,4/18/2023
130,"Housing Works Inc. (at Holiday Inn, Howard Johnson, Fresh Meadows, La Quinta)",New York City,4/11/2023
131,"Bentzys Construction, lnc. d/b/a Bentzy's Roofing and Waterproofing",New York City,4/10/2023
132,"Roses Confections, LP",Mohawk Valley,4/7/2023
133,"BG Salon, LLC - Salon Yoshiko",New York City,4/7/2023
134,National Express d/b/a Quality Bus Service LLC,Mid-Hudson,4/5/2023
135,AAF International,Capital,4/5/2023
136,"The Child Center of NY, Inc.",New York City,4/5/2023
137,"Create Restaurants NY, Inc.",New York City,4/5/2023
138,"Goldman, Sachs & Co., LLC",New York City,4/4/2023
139,"Strides Pharma, Inc.",Mid-Hudson,4/4/2023
140,Catholic Charities Neighborhood Services Inc.,New York City,4/4/2023
141,Catholic Charities Neighborhood Services Inc.,New York City,4/4/2023
142,Northern Dutchess Residential Health Care Facility a/k/a Thompson House,Mid-Hudson,4/4/2023
143,"nfrastructure Technologies, LLC",Capital,4/4/2023
144,The New Jewish Home,New York City,4/3/2023
145,"Envision Physicians Services, LLC",Capital,3/30/2023
146,"Teacher Synergy, LLC (Teachers Pay Teachers)",New York City,3/30/2023
147,Cayuga Home for Children d/b/a Cayuga Centers,New York City,3/30/2023
148,Research Foundation of The City University of New York,New York City,3/29/2023
149,Rising Ground lnc.,Mid-Hudson,3/28/2023
150,"Indian Point Energy Center (IPEC) subsidiary of Holtec International; Holtec Decommissioning International, LLC",Mid-Hudson,3/28/2023
151,NYC Health + Hospitals of BronxWorks (Resource Navigator Program),New York City,3/24/2023
152,Voyant Beauty LLC,Central,3/23/2023
153,Applegreen USA Travel Plazas Central Services LLC,Mid-Hudson / Capital / Finger Lakes / Western,3/21/2023
154,Upward Enterprises Inc. DBA Upward Farms,New York City,3/20/2023
155,IEH Auto Parts LLC d/b/a Auto Plus,Mid-Hudson,3/20/2023
156,Eastern Niagara Hospital,Western,3/16/2023
157,"Powerflow, Inc.",Western,3/14/2023
158,"Staffing Boutique, Inc. (MedRite Staffing Boutique)",New York City,3/10/2023
159,Creatively Designed Products LLC,Long Island,3/8/2023
160,RealEats America Inc.,Finger Lakes,3/7/2023
161,"Indian Point Energy Center (IPEC) subsidiary of Holtec International; Holtec Decommissioning International, LLC",Mid-Hudson,3/6/3023
162,Hilton JFK Hotel,New York City,3/2/2023
163,"Yellow Corporation, through its subsidiary New Penn Motor Express LLC and YRC Enterprise Services, Inc.",Western,2/28/2023
164,Akorn Operating Company LLC,Long Island,2/24/2023
165,"RUME Health, LLC / RUME Medical Group",New York City,2/22/2023
166,"Peer Street, Inc.",New York City / Long Island,2/21/2023
167,"Critical Ideas, Inc. d/b/a Chipper Cash",New York City,2/21/2023
168,"Goldman, Sachs & Co., LLC",New York City,2/17/2023
169,"Melvindale NY, LLC d/b/a Gjelina",New York City,2/15/2023
170,Cazenovia College,Mohawk Valley,2/14/2023
171,"Trio Community Meals, LLC",Western,2/10/2023
172,"Indian Point Energy Center (IPEC) subsidiary of Holtec International; Holtec Decommissioning International, LLC",Mid-Hudson,2/6/2023
173,"Bed, Bath & Beyond, Inc.",New York City,2/6/2023
174,"Bed, Bath & Beyond, Inc.",New York City,2/3/2023
175,"Pioneer Credit Recovery, Inc., Gila LLC, Navient B.P.O., LLC, Navient Solutions, LLC, or Asset Performance Group, LLC",Finger Lakes / Southern,2/2/2023
176,"Amneal Pharmaceuticals, LLC",Long Island,2/1/2023
177,"Bed, Bath & Beyond, Inc.",Mid-Hudson,1/31/2023
178,St. Mary's Community Care Professional Corp.,New York City,1/27/2023
179,"RCSH Operations, LLC.",New York City,1/25/2023
180,Google,New York City,1/25/2023
181,"Cloud Software Group, Inc.",New York City,1/24/2023
182,"Roses Confections, LP",Mohawk Valley,1/23/2023
183,Memorial Sloan Kettering Cancer Center,New York City,1/23/2023
184,Amazon,New York City,1/23/2023
185,"Goldman, Sachs & Co., LLC",New York City,1/17/2023
186,"Goldman, Sachs & Co., LLC",New York City,1/17/2023
187,"Specialized Bicycle Components, Inc.",New York City,1/13/2023
188,Gannett (Rochester Democrat & Chronicle),Finger Lakes,1/11/2023
189,"Williamsburg Northside School, LLC",New York City,1/10/2023
190,"Housing Works, Inc.",New York City,1/5/2023
191,Reverse Mortgage Funding LLC,Mid-Hudson,1/5/2023
192,The New Jewish Home,New York City,1/4/2023
193,"Dyopath, LLC",Long Island,1/4/2023
194,"Wells Enterprises, Inc. (Dunkirk Ice Cream Plant)",Western,12/28/2022
195,GF's Fab 8 - Malta Site (@ Global Foundries),Capital,12/23/2022
196,GF's Fab 10 - East Fishkill Site (@ Global Foundries),Mid-Hudson,12/23/2022
197,"Hu-Friedy Mfg., Co., LLC d/b/a HuFriedyGroup (formerly Crosstex International, Inc)",Western,12/23/2022
198,Athenex Pharma Solutions,Western,12/23/2022
199,Reverse Mortgage Funding LLC,Long Island,12/23/2022
200,Voyant Beauty LLC,Central,12/22/2022
201,Humana at Home Inc. d/b/a SeniorBridge,New York City / Long Island / Mid-Hudson,12/22/2022
202,Convene Operations LLC,Mid-Hudson,12/20/2022
203,Specialty Welding and Fabricating of New York Inc.,Central,12/19/2022
204,Get Heal Inc. & Heal Doctors P.C. with Humana at Home Inc.,New York City,12/19/2022
205,"Housing Works, Inc.",New York City,12/19/2022
206,Lehigh Cement Company LLC,Capital,12/16/2022
207,"RUME Health, LLC",New York City,12/14/2022
208,Medly Health Inc. (Headquarters & Pharmacy),New York City,12/13/2022
209,Reverse Mortgage Funding LLC,Long Island,12/9/2022
210,IEH Auto Parts LLC d/b/a Auto Plus,Mid-Hudson,12/9/2022
211,Cayuga Home for Children d/b/a Cayuga Centers,New York City,12/8/2022
212,"Freshly, Inc.",New York City,12/7/2022
213,"ReOpen Diagnostics, LLC d/b/a Pandemic Response Lab",New York City,12/5/2022
214,Reverse Mortgage Funding LLC,Mid-Hudson,12/5/2022
215,IEH Auto Parts LLC d/b/a Auto Plus,Mid-Hudson,12/2/2022
216,"Housing Works, Inc.",New York City,12/2/2022
217,BlockFi Inc.,New York City,12/1/2022
218,"City Carting of Westchester, Inc.",Mid-Hudson,11/29/2022
219,"Candy Digital, Inc.",New York City,11/28/2022
220,"Volunteers of America-Greater New York, Inc.- VOA-GNY (Grasslands Homeless Shelter)",Mid-Hudson,11/23/2022
221,"American Grill Investor LLC., d/b/a Hudson Yards Grill",New York City,11/22/2022
222,"Meta Platforms, Inc. (formerly Facebook, Inc.)",New York City,11/15/2022
223,Exodus Transitional Community,New York City,11/10/2022
224,"Twitter, Inc.",New York City,11/8/2022
225,"Better Holdco, Inc. d/b/a Better.com",New York City,11/8/2022
226,"Pioneer Credit Recovery, Inc., Gila LLC, Navient B.P.O., LLC, Navient Solutions, LLC, or Asset Performance Group, LLC",Finger Lakes / Southern,11/7/2022
227,"Avon Products, Inc. (Avon Global Innovation Center)",Mid-Hudson,11/4/2022
228,"Total Fire Protection, Inc.",New York City,11/3/2022
229,IKEA US RETAIL LLC,New York City,11/2/2022
230,"Indian Point Energy Center (IPEC) subsidiary of Holtec International; Holtec Decommissioning International, LLC",Mid-Hudson,11/1/2022
231,"Strides Pharma, Inc.",Mid-Hudson,11/1/2022
232,"Exceeding Expectations, Inc. dba Longfellows",Capital,10/31/2022
233,"Radienz Living, LLC",Long Island,10/24/2022
234,"Starry, Inc.",New York City,10/21/2022
235,Corning Pharmaceutical Technologies,Southern,10/18/2022
236,"Johnson and Johnson Services, Inc.",New York City,10/17/2022
237,ABB/Con-Cise Optical Group LLC,Mid-Hudson,10/14/2022
238,"Take-Two Interactive Software, Inc.",New York City,10/13/2022
239,"Radienz Living, LLC",Long Island,10/13/2022
240,"HHC 33 Peck Slip Holdings, LLC",New York City,10/13/2022
241,"Patina BBG, LLC",New York City,10/6/2022
242,HMS Host,New York City,10/6/2022
243,Intergrow Greenhouses Inc. d/b/a Fillmore Greenhouses,Finger Lakes,10/6/2022
244,Sheltering Arms Children Family Services,New York City,10/6/2022
245,Exodus Transitional Community,New York City,10/6/2022
246,Mermaid 88 LLC d/b/a The Mermaid Inn,New York City,10/6/2022
247,D.V.V.A. Carle Place Restaurant LLC d/b/a Chateau Briand,Long Island,10/5/2022
248,Dylan’s Candy Bar,New York City,10/5/2022
249,"ImmunityBio, Inc.",Western,10/5/2022
250,"Pioneer Credit Recovery, Inc., Gila LLC, Navient B.P.O., LLC, Navient Solutions, LLC, or Asset Performance Group, LLC",Finger Lakes / Southern,10/4/2022
251,"Amneal Pharmaceuticals, LLC",Long Island,10/4/2022
252,GlobalFoundries U.S. 2 LLC,Mid-Hudson,9/30/2022
253,The First Republic Corporation of America DBA Ramada by Wyndham,Central,9/27/2022
254,Mercer Kitchen LLC dba Mercer Kitchen (Jean-Georges Management),New York City,9/22/2022
255,"Wells Enterprises, Inc. (Dunkirk Ice Cream Plant)",Western,9/20/2022
256,IKE Logistics LLC,New York City,9/19/2022
257,"Sanzo Beverage Company, Inc.",Western,9/16/2022
258,"Wild Ink, Restaurant dba Hudson Yards by Rhubarb LLC",New York City,9/16/2022
259,Medly Health Inc. (Headquarters & Pharmacy),New York City,9/2/2022
260,RoundPoint Mortgage Servicing Corporation,Long Island,9/2/2022
261,Voyant Beauty LLC,Central,8/30/2022
262,"Key Food CS 2 LLC, dba Food Universe",New York City,8/25/2022
263,Stafkings of Binghamton Inc.,Central,8/25/2022
264,"Packable Holdings, LLC",New York City,8/24/2022
265,"Packable Holdings, LLC",Long Island,8/24/2022
266,Ultra Seal Corporation,Mid-Hudson,8/18/2022
267,"Cable News Network, Inc., CNN America, Inc., WarnerMedia, LLC., Discovery Communications, LLC, and Turner Services Inc. (CNN+)",New York City,8/15/2022
268,Garnet Health Doctors - Hudson Valley Region,Hudson Valley,8/10/2022
269,Research Foundation of The City University of New York - Resource Navigator Corps (at the CUNY Graduate School of Public Health & Health Policy),New York City,8/9/2022
270,"Gimme Dat Money, LLC (Desus & Mero Show)",New York City,8/9/2022
271,RoundPoint Mortgage Servicing Corporation,Long Island,8/1/2022
272,"Signify Health, LLC (Episodes of Care Services Operations)",New York City,7/29/2022
273,PMI Global Services Inc. & Philip Morris Global Brands Inc.,New York City,7/21/2022
274,Prevost Car (US) Inc.,North Country,7/21/2022
275,"Central Park Boat House, LLC",New York City,7/19/2022
276,"Freshly, Inc.",New York City,7/14/2022
277,The Stewart Hotel,New York City,7/7/2022
278,"AQ Wiring Systems NY, Inc.",North Country,7/5/2022
279,"Sodexo, Inc. (at SUNY Polytechnic Institute)",Mohawk Valley,6/30/2022
280,PharMerica Corporation (Pharmacy),Western,6/29/2022
281,"VSP Optical Group, Inc. (VSPOne)",Long Island,6/29/2022
282,"Preferred Meal Systems, Inc./The Maramont Corporation",New York City,6/24/2022
283,Far-Go Logistics LLC,Western,6/24/2022
284,"Berenberg Capital Markets, LLC",New York City,6/9/2022
285,"Coram, CVS Specialty Infusion Services",Capital,6/7/2022
286,"Coram, CVS Specialty Infusion Services",New York City,6/7/2022
287,"City Carting of Westchester, Inc.",Mid-Hudson,6/3/2022
288,Silgan Containers Manufacturing Corporation,Finger Lakes,6/3/2022
289,Deli-Boy Inc.,Central,6/2/2022
290,The Research Foundation for the State University of New York at Downtown Health Sciences University - ICLC,New York City,5/26/2022
291,"Preferred Meal Systems, Inc./The Maramont Corporation",New York City,5/19/2022
292,"Advance Local Media, LLC",Central,5/17/2022
293,"RHS Wine, LLC (at WSNYC, WS New York Tavern & WS Lifestyle Club)",New York City,5/13/2022
294,"Ben Elias Industries, Corp. and Kenco Retail Inc.",Long Island,5/13/2022
295,"Ben Elias Industries, Corp. and Kenco Retail Inc.",New York City,5/13/2022
296,Applegreen,Mohawk Valley / Finger Lakes,5/9/2022
297,"The Avo Shopping Company, Inc.",New York City,4/28/2022
298,CEVA Logistics,New York City,4/27/2022
299,"Envision Physician Services, LLC & Richmond Emergency Medical Association, PLLC (at Richmond University Medical Center)",New York City,4/20/2022
300,Applegreen,Mohawk Valley / Finger Lakes,4/19/2022
301,Housing Works Inc. (at Holiday Inn & Marriot Towne Suites),New York City,4/19/2022
302,"Aclara Smart Grid Solutions, LLC",New York City,4/15/2022
303,"City Carting of Westchester, Inc.",Mid-Hudson,4/13/2022
304,Elmira Savings Bank,Southern,4/6/2022
305,"Amazon (Amazon 4-star, Books, and Pop Up stores)",New York City,4/5/2022
306,Weiss Instruments LLC,Long Island,4/5/2022
307,New York Air Brake,North Country,4/5/2022
308,Slant/Fin Corporation,Long Island,4/4/2022
309,"G2 Secure Staff, LLC",New York City,4/4/2022
310,MC Packaging Corporation,Long Island,4/4/2022
311,"Sanofi US (Kadmon Holdings, Inc.)",New York City,4/4/2022
312,"Devachan Hair and Spa, Inc.",New York City,4/1/2022
313,Research Foundation of The City University of New York - Resource Navigator Corps (at the CUNY Graduate School of Public Health & Health Policy),New York City,4/1/2022
314,"Aclara Smart Grid Solutions, LLC",New York City,3/31/2022
315,Fridge No More Inc.,New York City,3/16/2022
316,"Ready Responders, Inc.",New York City,3/16/2022
317,Portmore Delivery Service Corp.,New York City,3/15/2022
318,Slant/Fin Corporation,Long Island,3/11/2022
319,"Key Food CS 3 LLC, dba Food Universe",New York City,3/8/2022
320,NYC Health + Hospitals,New York City,3/8/2022
321,"Aclara Smart Grid Solutions, LLC",New York City,3/4/2022
322,Applegreen,Mohawk Valley / Finger Lakes,3/2/2022
323,WB Frozen US LLC (formerly Weston Foods US LLC) Frankfort Bakery,Mohawk Valley,2/23/2022
324,Peloton Interactive Inc.,Mid-Hudson,2/11/2022
325,"Aclara Smart Grid Solutions, LLC",New York City,2/11/2022
326,Peloton Interactive Inc.,Long Island,2/11/2022
327,The Fund for the City of New York,Central,2/3/2022
328,"Transit Management of Dutchess County (subsidiary of First Transit, Inc.)",Hudson Valley,2/2/2022
329,The Fund for the City of New York,New York City,2/2/2022
330,The Fund for the City of New York,Long Island,2/2/2022
331,The Fund for the City of New York,Mid-Hudson,2/2/2022
332,Slantco Manufacturing Co. Inc.,Long Island,1/31/2022
333,Slant/Fin Corporation,Long Island,1/28/2022
334,Easter Seals NY Monticello site Project Excel,Mid-Hudson,1/27/2022
335,"City Carting of Westchester, Inc.",Mid-Hudson,1/26/2022
336,"Brooklyn Food & Arts, LLC (at The Norm Restaurant inside the Brooklyn Museum)",New York City,1/20/2022
337,Hillside Children’s Center - Stillwater Campus,Southern,1/13/2022
338,"Transportation Insight, LLC (Phase 3)",Western,1/7/2022
339,"Transportation Insight, LLC (Phase 2)",Western,1/7/2022
340,Credit Suisse Securities (USA) LLC,New York City,1/3/2022
341,"Aclara Smart Grid Solutions, LLC and Aclara Technologies LLC",New York City,12/31/2021
342,"Somos Healthcare Providers, Inc.",New York City,12/31/2021
343,Slant/Fin Corporation,Long Island,12/24/2021
344,"Transportation Insight, LLC",Western,12/23/2021
345,"Transportation Insight, LLC",Western,12/23/2021
346,New York Air Brake,North Country,12/22/2021
347,"Silarx Pharmaceuticals, Inc., a Lannett Company",Mid-Hudson,12/9/2021
348,"Aclara Smart Grid Solutions, LLC",New York City,12/9/2021
349,ACCO Brands USA LLC,North Country,12/9/2021
350,"North Shore Linen, Inc.",Long Island,12/3/2021
351,The Princeton Club of New York,New York City,12/1/2021
352,Occidental Chemical Corporation,Western,11/30/2021
353,"North Shore Linen, Inc.",Long Island,11/29/2021
354,"CBA Insert Distribution System, Inc.",New York City,11/24/2021
355,"Jewish Board of Family & Children's Services, Inc.",Mid-Hudson,11/23/2021
356,"Jewish Board of Family & Children's Services, Inc.",New York City,11/23/2021
357,"Jewish Board of Family & Children's Services, Inc.",Mid-Hudson,11/23/2021
358,Concordia College,Mid-Hudson,11/23/2021
359,ACCO Brands USA LLC,North Country,11/23/2021
360,"Aclara Smart Grid Solutions, LLC",New York City,11/23/2021
361,N26 Inc.,New York City,11/19/2021
362,Michael Page International Inc.,New York City,11/16/2021
363,C'Ville Yoghurt d/b/a Byrne Hollow Farms,Central,11/10/2021
364,Columbia University Irving Medical Center,New York City,11/9/2021
365,Weill Cornell Medicine,New York City,11/9/2021
366,"C & S Wholesale Grocers, Inc.",Mid-Hudson,11/4/2021
367,"A.B.C. Carpet Co., Inc. (3 NYC sites)",New York City,11/2/2021
368,"A.B.C. Home Furnishings, Inc. (3 NYC sites)",New York City,11/2/2021
369,Michael Page International Inc.,New York City,11/2/2021
370,"DSW Shoe Warehouse, Inc.",New York City,11/2/2021
371,Concordia College (Phase 6),Mid-Hudson,10/27/2021
372,Concordia College (Phase 4),Mid-Hudson,10/27/2021
373,"Flying Food Group, LLC (JFK International Airport)",New York City,10/27/2021
374,"Packard Pacifica, Inc. (at Holiday Inn LaGuardia Hotel)",New York City,10/27/2021
375,EmblemHealth,New York City,10/18/2021
376,Michael Page International Inc.,New York City,10/15/2021
377,"C & S Wholesale Grocers, Inc.",Mid-Hudson,10/13/2021
378,"Somos Healthcare Providers, Inc.",New York City,10/5/2021
379,Michael Page International Inc.,New York City,10/1/2021
380,New York Air Brake,North Country,10/1/2021
381,Concordia College (Phase 6),Mid-Hudson,9/29/2021
382,Concordia College (Phase 4),Mid-Hudson,9/29/2021
383,Concordia College,Mid-Hudson,9/29/2021
384,"Transportation Insight, LLC (Phase 2)",Western,9/28/2021
385,Crown Building Maintenance Co. d/b/a Able Building Maintenance at LEGOLAND New York,New York City,9/28/2021
386,"Genius Media Group, Inc.",New York City,9/28/2021
387,"LC Drives, Inc.",North Country / Capital,9/23/2021
388,Michael Page International Inc.,New York City,9/17/2021
389,Transform KM LLC (Unit# 04731 Kmart Convenience store inside Sears),New York City,9/16/2021
390,Transform SR LLC (Unit# 01114 Sears Retail Store and Unit# 06104 Sears Automotive Ctr),New York City,9/16/2021
391,ACCO Brands USA LLC,North Country,9/15/2021
392,"A.B.C. Home Furnishings, Inc. (3 NYC sites)",New York City,9/9/2021
393,"A.B.C. Carpet Co., Inc. (3 NYC sites)",New York City,9/9/2021
394,"Aclara Smart Grid Solutions, LLC",New York City,9/8/2021
395,"BCS Automotive Interface Solutions U.S., LLC",Central,9/8/2021
396,Michael Page International Inc.,New York City,9/3/2021
397,Cantor Fitzgerald Securities (Operations Division),New York City,9/1/2021
398,Concordia College,Mid-Hudson,8/31/2021
399,Concordia College,Mid-Hudson,8/31/2021
400,"BCS Automotive Interface Solutions U.S., LLC",Central,8/27/2021
401,"Aclara Smart Grid Solutions, LLC",New York City,8/24/2021
402,"Creative Bath Products, Inc.",Long Island,8/24/2021
403,M & M Molding Corp.,Long Island,8/24/2021
404,Michael Page International Inc.,New York City,8/24/2021
405,Occidental Chemical Corporation,Western,8/24/2021
406,Renaissance Westchester Hotel,Hudson Valley,8/21/2021
407,"Transportation Insight, LLC (Phase 1)",Western,8/16/2021
408,Biodex Medical Systems,Long Island,8/11/2021
409,"Jewish Board of Family & Children's Services, Inc.",New York City,8/10/2021
410,"Jewish Board of Family & Children's Services, Inc.",Mid-Hudson,8/10/2021
411,Garnet Health Medical Center - Catskills (Skilled Nursing Unit),Mid-Hudson,7/30/2021
412,Concordia College,Mid-Hudson,7/29/2021
413,Concordia College,Mid-Hudson,7/29/2021
414,Concordia College,Mid-Hudson,7/29/2021
415,"BCS Automotive Interface Solutions U.S., LLC",Central,7/26/2021
416,NoMad Hotels LLC,New York City,7/22/2021
417,Michael Page International Inc.,New York City,7/16/2021
418,Cantor Fitzgerald Securities (Operations Division),New York City,7/16/2021
419,"Jewish Board of Family & Children's Services, Inc. (Phase 1)",Hudson Valley,7/15/2021
420,"HI 57, LLC dba The Watson Hotel",New York City,7/15/2021
421,"Jewish Board of Family & Children's Services, Inc. (Ittleson Residential Treatment Facility)",New York City,7/15/2021
422,"Jewish Board of Family & Children's Services, Inc",Mid-Hudson,7/15/2021
423,"Flying Food Group, LLC (JFK International Airport)",New York City,7/8/2021
424,"Flying Food Group, LLC (at JFK International Airport)",New York City,7/8/2021
425,ACHIEVE (CWS Contract Packaging Services),Southern,7/8/2021
426,GBG USA Inc. (Global Brands Group),New York City,7/6/2021
427,"Jewish Board of Family & Children's Services, Inc.",Mid-Hudson,7/6/2021
428,Michael Page International Inc.,New York City,7/2/2021
429,"C & S Wholesale Grocers, Inc.",Mid-Hudson,7/1/2021
430,"Somos Healthcare Providers, Inc.",New York City,6/29/2021
431,Sky Chefs Inc.,New York City,6/29/2021
432,Concordia College,Mid-Hudson,6/25/2021
433,Concordia College,Mid-Hudson,6/25/2021
434,PVH Corp. (Heritage Brands),New York City,6/25/2021
435,"CTG, Inc. (at IBM-Anthem site)",Western,6/23/2021
436,"Aramark Facility Services, LLC (at Mercy College)",Mid-Hudson,6/22/2021
437,Michael Page International Inc.,New York City,6/21/2021
438,"BCS Automotive Interface Solutions U.S., LLC",Central,6/18/2021
439,"United Helpers Nursing Home, Inc. d/b/a United Helpers Rehabilitation and Senior Care, Ogdensburg",North Country,6/17/2021
440,"Paragon Sports, LLC",New York City,6/17/2021
441,Urban Resource Institute,New York City,6/17/2021
442,"Bouchard Transportation Company, Inc.",Long Island,6/9/2021
443,"Sonwil Distribution Center, Inc.",Western,6/4/2021
444,"Jewish Board of Family & Children's Services, Inc.",Mid-Hudson,6/4/2021
445,"Jewish Board of Family & Children's Services, Inc.",New York City,6/4/2021
446,Community Development Institute Head Start,New York City,6/2/2021
447,Michael Page International Inc.,New York City,5/27/2021
448,Concordia College,Mid-Hudson,5/25/2021
449,Concordia College,Mid-Hudson,5/25/2021
450,"Amsterdam Printing & Litho, Inc.",Mohawk Valley,5/25/2021
451,Noamex Inc. (Clothing Operation and Logistics Operation),New York City,5/24/2021
452,Cantor Fitzgerald Securities (Operations Division),New York City,5/18/2021
453,Michael Page International Inc.,New York City,5/17/2021
454,Conrad Management LLC dba Conrad New York Midtown,New York City,5/14/2021
455,"Acitrezza, LLC (Agata & Valentina store)",New York City,5/14/2021
456,Biodex Medical Systems,Long Island,5/12/2021
457,Westchester Community Opportunity Program (WestCOP),Mid-Hudson,5/5/2021
458,Greenburgh Central School District (Head Start),Mid-Hudson,5/4/2021
459,"Delaware North Companies Travel Hospitality Services, Inc.",Finger Lakes,4/30/2021
460,"Delaware North Companies Travel Hospitality Services, Inc.",Western,4/30/2021
461,Michael Page International Inc.,New York City,4/30/2021
462,Concordia College,Mid-Hudson,4/29/2021
463,Concordia College,Mid-Hudson,4/29/2021
464,"Siemens Energy, Inc. (Olean)",Western,4/29/2021
465,"HMS Host Family Restaurants, Inc.",Mid-Hudson / Mohawk Valley / Capital,4/28/2021
466,"HMS Host Family Restaurants, Inc.",Mid-Hudson / Mohawk Valley / Capital / Finger Lakes / Central,4/28/2021
467,"Hawkfish, LLC",New York City,4/27/2021
468,SS. Cyril and Methodius School,Long Island,4/27/2021
469,Our Lady of Providence Regional School,Long Island,4/27/2021
470,MBJ South Inc. (at New York City College of Technology),New York City,4/23/2021
471,"ADESA New York, LLC",Western,4/21/2021
472,Michael Page International Inc.,New York City,4/19/2021
473,The YMCA of Greater Rochester,Finger Lakes / Mohawk Valley / Southern,4/15/2021
474,Pret A Manger (USA) Ltd.,New York City,4/15/2021
475,"Mid-Hudson Valley Staffco (assigned to North Road LHCSA, Inc.)",Mid-Hudson,4/14/2021
476,Endo Par Pharmaceutical,Mid-Hudson,4/9/2021
477,Concordia College,Mid-Hudson,4/2/2021
478,"1661, Inc. dba GOAT and Flight Club New York, LLC",New York City,4/2/2021
479,Concordia College,Mid-Hudson,4/2/2021
480,"Durham School Services, L.P.",Central,4/1/2021
481,"Catholic Charities Neighborhood Services, Inc. - New York City Region",New York City,4/1/2021
482,The Plaza - Sahara Plaza LLC,New York City,3/31/2021
483,The Sofitel New York - Normandy LLC,New York City,3/31/2021
484,Genex Cooperative,Southern,3/31/2021
485,St. Christopher School,Long Island,3/30/2021
486,St. Raymond School,Long Island,3/30/2021
487,Michael Page International Inc.,New York City,3/30/2021
488,"BCS Automotive Interface Solutions U.S., LLC",Central ,3/30/2021
489,Republic Airways Inc.,New York City,3/30/2021
490,Hebrew Academy for Special Children,New York City,3/25/2021
491,"Empire Stat Group, LLC",New York City,3/23/2021 
492,"Paragon Sports, LLC",New York City,3/22/2021
493,"Crestview Management, LLC (at Albany Marriott)",Capital,3/22/2021
494,"Crestview Management, LLC (at Melville Marriott)",Long Island,3/22/2021
495,St. Thomas the Apostle School,Long Island,3/22/2021
496,"Somos Healthcare Providers, Inc.",New York City,3/22/2021
497,"GEO Secure Services, LLC (fka GEO Corrections & Detention LLC)",New York City,3/18/2021
498,Nordstrom Rack,Long Island,3/18/2021
499,"WeWork Companies, Inc.",New York City,3/17/2021
500,"WeWork Companies, Inc.",New York City,3/17/2021
501,"WeWork Companies, Inc.",New York City,3/17/2021
502,"WeWork Companies, Inc.",New York City,3/17/2021
503,Michael Page International Inc.,New York City,3/15/2021
504,NYU Grossman School of Medicine,New York City,3/8/2021
505,MBJ Cafeteria Corp. (at CUNY John Jay College of Criminal Justice),New York City,3/5/2021
506,Pret A Manger (USA) Ltd. (Multiple Locations),New York City / Mid-Hudson,3/4/2021
507,Becca Inc.,New York City,3/3/2021
508,Concordia College,Mid-Hudson,3/3/2021
509,Concordia College,Mid-Hudson,3/2/2021
510,"Fred C. Gloeckner & Company, Inc.",Mid-Hudson,3/1/2021
511,"Seven Seas Union Square LLC, dba The Food Emporium",New York City,3/1/2021
512,Michael Page International Inc.,New York City,2/26/2021
513,Endo Par Pharmaceutical,Mid-Hudson,2/26/2021
514,American Steamship Company (ASC),Western,2/25/2021
515,The YMCA of Greater Rochester,Finger Lakes / Mohawk Valley / Southern,2/23/2021
516,"Flying Food Group, LLC (JFK International Airport)",New York City,2/18/2021
517,"Maryhaven Center of Hope, Inc. (Angel Guardian Home)",Long Island,2/16/2021
518,Michael Page International Inc.,New York City,2/16/2021
519,"Norwegian Air Resources US (formerly OSM Aviation, Inc.)",New York City,2/16/2021
520,"Acitrezza, LLC (Agata & Valentina store)",New York City,2/16/2021
521,"American Airlines, Inc.",New York City,2 /12 /2021
522,"Entergy Nuclear Operations, Inc.; Entergy Services, LLCIndian Point Energy Center (IPEC) (owned by Entergy Nuclear Indian Point 2, LLC & Entergy Nuclear Indian Point 3, LLC)",Mid-Hudson,2/12/2021
523,"Rochester Drug Co-Operative, Inc.",Finger Lakes,2/11/2021
524,"Hawkfish, LLC",New York City,2/10/2021
525,Envoy Air Inc.,New York City,2/8/2021
526,CBRE,Mid-Hudson,2/8/2021
527,The YMCA of Greater Rochester,Finger Lakes / Mohawk Valley / Southern,2/5/2021
528,"Knotel, Inc.",New York City,2/4/2021
529,"Paragon Sports, LLC",New York City,2/4/2021
530,Cantor Fitzgerald Securities (Operations Division),New York City,2/4/2021
531,GT Operating Company LLC dba Gramercy Tavern,New York City,2/3/2021
532,"Union Square Cafe II, LLC dba Union Square Cafe",New York City,2/3/2021
533,Transform SR LLC (Sears Store #01924 & Automotive Center #06134),Long Island,2/2/2021
534,El Al Israeli Airlines LTD. (JFK),New York City,2/1/2021
535,Michael Page International Inc.,New York City,2/1/2021
536,"WeWork Companies, Inc.",New York City,1/29/2021
537,"WeWork Companies, Inc.",New York City,1/29/2021
538,"BCS Automotive Interface Solutions U.S., LLC",Central,1/27/2021
539,"Mid-State Raceway, Inc. dba Vernon Downs Casino Hotel",Mohawk Valley,1/26/2021
540,"Spot & Company of Manhattan, Inc.",New York City,1/21/2021
541,T.I.C. Akean Inc.,New York City,1/20/2021
542,Pret A Manger (USA) Ltd.,New York City,1/20/2021
543,Best Buy (Store #538),Central,1/20/2021
544,"Aramark Services, Inc.",New York City,1/19/2021
545,"Paragon Sports, LLC",New York City,1/19/2021
546,"Breton Industries, Inc. (Military Products and Commercial Lines)",Mohawk Valley,1/19/2021
547,Cantor Fitzgerald Securities (Operations Division),New York City,1/19/2021
548,Michael Page International Inc.,New York City,1/15/2021
549,Southwest Airlines Co.,Capital / Long Island / New York City / Western / Finger Lakes,1/14/2021
550,"Tioga Downs Racetrack, LLC",Southern,1/12/2021
551,"Maryhaven Center of Hope Inc. (Children's Residential Program, Boy's Dormitory, Young Men's Dormitory, Center Dormitory and CRP House A and C)",Long Island,1/11/2021
552,"The Sake Club, Inc. dba Sakagura",New York City,1/11/2021
553,Herald Square Enterprises Inc. - The Rag Trader & Bo Peep Cocktail and Highball Store,New York City,1/11/2021
554,Macy's Inc.,Mid-Hudson,1/7/2021
555,Macy's Inc.,Mohawk Valley,1/7/2021
556,WV Hospitality LLC Leuca/Westlight/William Vale Hotel,New York City,1/7/2021
557,"RR Donnelley (GO Creative Studio, Presentation, Content Strategy & Proofreading operation)",New York City,1/7/2021
558,Saratoga Center for Care LLC dba Saratoga Center for Rehabilitation and Skilled Nursing Care,Capital,1/7/2021
559,HFZ Capital Group (HFZ Real Estate Development LLC),New York City,1/6/2021
560,"Fifty Second Street Hotel Associates, LLC dba Novotel New York Times Square Hotel",New York City,1/6/2021
561,Michael Page International Inc.,New York City,1/6/2021
562,Pret A Manger (USA) Ltd.,New York City,1/6/2021
563,Nobu 57 LLC dba Nobu New York Fifty Seven,New York City,1/4/2021
564,"Nobu 195 LLC, dba Nobu New York Downtown",New York City,1/4/2021
565,Imagine Early Learning Centers,New York City,1/4/2021
566,Imagine Early Learning Centers,Long Island,1/4/2021
